<SolarSystem 
  xmlns="http://jundroo.com/simplerockets/solarsystem.xsd"
  name="Smolar System" 
  description="Explore the Smolar System, which is a scaled down version of our Solar System. Everything is about 90% smaller than the real thing. Select the planet you would like to launch from and tap Launch!">
   <Planet name="Sun" gravity="274.0" radius="69634200.0" mapColor="255,220,54" launchEnabled="false" description="The sun.">
      <Terrain maxHeight="0" color="250,250,100" />
      <Children>
         <Planet name="Smercury" gravity="3.700000" radius="243970.0" mapColor="213,213,213" icon="Mercury.png" description="Since it is the closest planet to the Sun, it is also the fastest moving planet. It zips around the sun in just 27 days. (The actual planet Mercury takes 88 days).">
            <Orbit w="0.508310" e="0.205630" prograde="1" a="5790910000.0" v="-2.465148"/>
            <Terrain maxHeight="1250.0" noise="12.5" texture="PlanetCrustSmercury.png" color="27,27,27" />
         </Planet>
         <Planet name="Smenus" gravity="8.870000" radius="605180.0" mapColor="213,213,213" icon="Venus.png" description="Smearth's twin planet has an incredibly thick atmosphere. The pressure at the surface is equivalent to being 1,000 meters underwater.">
            <Orbit w="0.963177" e="0.006756" prograde="1" a="10820800000.0" v="0.822420"/>
            <Terrain maxHeight="500.0" noise="4.5" texture="PlanetCrustSmenus.png" color="64,55,14">
               <Ranges>
                  <Range startAngle="85.0" endAngle="87.0" minHeight="4000.0" maxHeight="4500.0" />
               </Ranges>
            </Terrain>
            <Atmosphere height="250000" surfacePressure="93.0" graphicType="3" />
         </Planet>
         <Planet name="Smearth" gravity="9.798000" radius="637100.0" mapColor="103,157,255" icon="Earth.png" description="A smaller version of Earth. It is 10% the size of Earth, but it has the same surface gravity and atmospheric pressure.">
            <Orbit w="1.993303" e="0.016711" prograde="1" a="12559826100.0" v="-3.013170"/>
            <Terrain maxHeight="0.0" minHeight="-1000.0" noise="0.0" texture="e.png" color="40,40,40" waterDensity="75">
               <Ranges>
                  <!-- Ocean -->
                  <Range startAngle="20" endAngle="89" minHeight="-2000.0" maxHeight="-1000.0" />
</Ranges>
            </Terrain>
            <Atmosphere height="70000" surfacePressure="1.0" graphicType="1" />
            <Children>
 <Planet name="Smoon" gravity="1.622000" radius="173710.0" mapColor="213,213,213" icon="Moon.png" description="Smearth's only natural satellite. The extremely low gravity makes this a fun place to launch from.">
                  <Orbit w="1.993303" e="0.054900" prograde="1" a="12500000.0" v="-2.138368"/>
                  <Terrain maxHeight="500.0" noise="3.5" texture="PlanetCrustSmoon.png" color="35,35,35" />
               </Planet>
            </Children>
         </Planet>
<Planet name="Ganymede Jr" gravity="0.00" radius="640650.0" mapColor="103,157,255" icon="My.png" description="Transformed into a spawn point on the sea.Thank you, Ganny Jr and Oscar.">
<!-- 感谢Oscar同志 -->
            <Orbit w="1.993304" e="0.016711" prograde="1" a="12559826100.0" v="-3.013170"/>
            <Terrain maxHeight="0.0" minHeight="-1000.0" noise="0.0" texture="e.png" color="40,40,40" waterDensity="75">
            </Terrain>
            <Atmosphere height="70000" surfacePressure="1.0" graphicType="1" />
         </Planet>

               <Planet name="Europa Jr" gravity="0.000" radius="637075.0" mapColor="103,157,255" icon="Earth.png" description="Transformed into a spawn point without clear range.Thank you, Europa Jr.">
            <Orbit w="1.993303" e="0.016711" prograde="1" a="12559826100.0" v="-3.013170"/>
                  <Terrain maxHeight="0.0" noise="0.5" texture="PlanetCrustSmoon.png" color="35,35,35" />
               </Planet>


         <Planet name="Smalley&apos;s Comet" gravity="0.010000" radius="8000.0" mapColor="208,35,35" icon="Moon.png" launchEnabled="true" description="It's just a big hunk of ice zipping around the Smolar System.">
            <Orbit w="0.785" e="0.967" prograde="0" a="266284209846.0" v="-2.843225"/>
            <Terrain maxHeight="160.0" noise="35.0" texture="PlanetCrustHalley.png" color="240,240,240" />
         </Planet>         
         <Planet name="Smars" gravity="3.710000" radius="339600.0" mapColor="208,35,35" icon="Mars.png" description="The Red Planet is the 2nd smallest in the Smolar System. It has an extremely thin atmosphere, with only about 1% the surface pressure of what you find on Smearth.">
            <Orbit w="5.001014" e="0.093315" prograde="1" a="22793910000.0" v="1.734006"/>
            <Terrain maxHeight="1250.0" noise="2.0" texture="PlanetCrustSmars.png" color="112,28,2" />
            <Atmosphere height="95000.0" surfacePressure="0.0059405" graphicType="2" />
         </Planet>
         <Planet name="Smupiter" gravity="24.790000" radius="6991100.0" mapColor="230,116,45" icon="Jupiter.png" description="The largest planet in the Smolar System. It is a gas giant, however we are pretending there is a surface to launch from!">
            <Orbit w="4.800807" e="0.048775" prograde="1" a="77854720000.0" v="1.324001"/>
            <Terrain maxHeight="5000.0" noise="2.5" texture="PlanetCrustSmupiter.png" color="67,53,41" />
            <Atmosphere height="125000.0" surfacePressure="1.0" graphicType="4" />
            <Children>
               <Planet name="Io Jr" gravity="1.796" radius="182160" mapColor="211,204,134" icon="Moon.png" launchEnabled="false" description="">
                  <Orbit w="0.2" e="0.0041" prograde="1" a="42170000.0" v="2.0"/>
                  <Terrain maxHeight="450.0" noise="0.5" texture="PlanetCrustSmoon.png" color="35,35,35" />
               </Planet>
               <Planet name="Callisto Jr" gravity="1.235" radius="241030" mapColor="99,121,118" icon="Moon.png" launchEnabled="false" description="">
                  <Orbit w="0.3" e="0.0074" prograde="1" a="188270000.0" v="2.5"/>
                  <Terrain maxHeight="650.0" noise="0.5" texture="PlanetCrustSmercury.png" color="27,27,27" />
               </Planet>
            </Children>
         </Planet>
         <Planet name="Smaturn" gravity="10.440000" radius="6026800.0" mapColor="213,213,213" icon="Saturn.png" description="It is the 2nd largest planet and because of its rings, it is considered the most beautiful planet in the Smolar System. It is also a gas giant, but once again we are pretending there is a surface.">
            <Orbit w="5.864533" e="0.055723" prograde="1" a="143344937000.0" v="2.222000"/>
            <Terrain maxHeight="2500.0" noise="2.5" texture="PlanetCrustSmaturn.png" color="64,55,14" />
            <Atmosphere height="275000.0" surfacePressure="1.0" graphicType="7" />
            <Children>
               <Planet name="Titan Jr" gravity="1.352" radius="257600" mapColor="254,215,84" icon="Moon.png" launchEnabled="false" description="One of the largest satellites, and the only moon known to have a dense atmosphere.">
                  <Orbit w="0.0" e="0.0288" prograde="1" a="122187000.0" v="1.0"/>
                  <Terrain maxHeight="1500.0" minHeight="-800.0" noise="3.5" texture="PlanetCrustTitan.png" color="160,86,26" waterDensity="75">
                     <Ranges>
                        <Range startAngle="80" endAngle="110" minHeight="3200.0" maxHeight="3500.0" />
                        <Range startAngle="135" endAngle="180" minHeight="-1000.0" maxHeight="-500.0" />
                     </Ranges>
                  </Terrain>
                  <Atmosphere height="215000" surfacePressure="1.46" graphicType="8" />
               </Planet>
            </Children>            
         </Planet>
         <Planet name="Smuranus" gravity="8.690000" radius="2555900.0" mapColor="213,213,213" icon="Uranus.png" description="This gas giant is the coldest planet in the Smolar System, with a record temperature of -224 Celsius (-371 Fahrenheit).">
            <Orbit w="1.684941" e="0.044406" prograde="1" a="287667908200.0" v="-2.839185"/>
            <Terrain maxHeight="2500.0" noise="7.5" texture="PlanetCrustSmuranus.png" color="26,43,52" />
            <Atmosphere height="125000.0" surfacePressure="1.0" graphicType="5" />
         </Planet>
         <Planet name="Smeptune" gravity="11.150000" radius="2476400.0" mapColor="213,213,213" icon="Neptune.png" description="The farthest planet in the Smolar System is another gas giant. It is the 4th largest planet, however it is the most dense. This is why its surface gravity is so high, only exceeded by Smupiter.">
            <Orbit w="4.636412" e="0.011214" prograde="1" a="450344366100.0" v="-1.313185"/>
            <Terrain maxHeight="1500.0" noise="7.5" texture="PlanetCrustSmeptune.png" color="7,70,101" />
            <Atmosphere height="88022.0" surfacePressure="1.0" graphicType="6" />
         </Planet>
      </Children>
   </Planet>
</SolarSystem>
